{
  "final_value": 11562.84292768097,
  "return_pct": 15.628429276809694
}