{
  "rf_accuracy": 0.5186703096539163,
  "gb_accuracy": 0.5003035822707954,
  "ensemble_accuracy": 0.5060716454159077,
  "weighted_accuracy": 0.5097146326654524
}