{
  "total_return": 0.20529997907989528,
  "sharpe_ratio": 0.7763677414607816,
  "max_drawdown": -0.26914129369954565,
  "final_value": 12052.999790798953,
  "benchmark_return": 0.31879837081482076
}